x1,x2,x3,x4,x5,x6,x7,x8,x9,x10,x11,x12,x13,x14,x15,x16,x17,x18,x19,x20,x21,x22,x23,x24,x25,x26,x27,x28,x29,x30,x31,x32,x33,x34,x35,x36,x37,x38,x39,x40,x41,x42,x43,x44,x45,x46,x47,x48,x49,x50,x51,x52,x53,x54,x55,x56,x57,x58,x59,x60,x61,x62,x63,x64,Y1,Y2
32.0,60.0,15.0,1871,56.0,6.0,10.0,0.0,58653.95,176.4,2197.6,1017.0,44.6,68.26,78.84,33.21,26.15,25.44,28.79,2071.0,1903.0,34371.4,116973.0,1158.7,1169.8,0.0,0.0,1865.5,0.0,3299.0,110.1,22.0,192.0,73.0,2278.21,38.0,1405.91,834.3,28.61,1.59,1007.0,475.0,954.0,158.0,24.0,1.0,9.0,13.0,0.0,15.0,4489.0,-1409.0,14410.0,11981.0,2429.0,9.95,175.0,311667.0,154.27,18.48,27338.4,99.9,74199.0,1002.69,0,1252.25
14.0,7.0,2.0,585,2.0,2.0,4.0,2.0,34613.83,848.0,2850.21,306.0,27.8,79.17,94.91,65.83,20.36,24.55,17.79,2562.0,1362.0,0.0,0.0,0.0,0.0,0.0,0.0,0.0,0.0,894.0,94.4,16.0,81.0,196.0,12826.61,336.01,3102.8,9387.8,27.82,2.57,1027.0,5618.0,12552.0,448.0,41.0,17.0,163.0,0.0,0.0,48.0,8904.0,21441.0,14505.0,16679.0,-2174.0,18.75,559.0,1497992.0,109.64,1.54,17209.5,112.9,-7194.0,-97.22,0,418.14
42.0,131.0,32.0,3369,102.0,15.0,38.0,15.0,36801.25,719.6,2573.79,318.0,24.1,61.77,88.13,27.44,29.6,26.09,35.89,1209.0,460.0,1086.2,26727.7,2313.3,633.3,8.2,12.2,1013.0,690.4,2863.0,91.4,64.0,243.0,362.0,12674.49,306.7,1553.1,10814.7,29.13,1.49,1136.0,3416.0,5787.0,441.0,28.0,55.0,59.0,39.0,86.0,11.0,20496.0,-9432.0,35990.0,36056.0,-66.0,9.01,579.5,1207875.0,251.65,7.39,15966.3,99.3,19263.0,260.31,0,480.15
48.0,89.0,14.0,2630,183.0,20.0,1.0,1.0,37973.6,732.0,1959.29,1935.0,43.9,63.03,74.56,40.83,35.16,32.05,43.24,1314.0,643.0,3317.2,98836.8,9432.2,5053.8,160.9,201.9,2906.2,1772.3,2629.0,82.1,54.0,879.0,466.0,16277.08,521.53,6600.65,9154.9,28.77,1.28,1184.0,2569.0,5971.0,60.0,11.0,6.0,6.0,3.0,1.0,1.0,24013.0,-15979.0,32833.0,29994.0,2839.0,7.5,500.2,1098257.0,229.92,10.3,17529.3,94.9,64773.0,875.31,0,544.36
14.0,49.0,3.0,698,55.0,2.0,9.0,3.0,33297.72,149.8,2665.02,99.0,26.6,49.59,70.32,24.22,26.24,31.1,22.02,1100.0,623.0,882.5,3361.5,443.8,0.0,0.0,0.0,0.0,0.0,419.0,124.1,248.0,56.0,202.0,5209.62,728.32,1194.4,3286.9,29.27,1.53,1082.0,906.0,1809.0,236.0,1.0,3.0,14.0,1.0,132.0,17.0,3633.0,-983.0,11046.0,12320.0,-1274.0,9.68,122.7,269984.0,87.40,1.61,17571.8,96.7,2268.0,30.65,0,448.2
24.0,34.0,25.0,1600,47.0,12.0,18.0,2.0,30579.72,394.4,2703.87,156.0,68.9,84.38,92.38,73.75,21.93,24.05,19.63,2030.0,562.0,0.0,0.0,0.0,0.0,0.0,0.0,212.1,122.1,926.0,117.2,88.0,269.0,619.0,10277.04,386.44,2946.3,6944.3,28.1,1.64,1127.0,3458.0,6731.0,55.0,4.0,0.0,0.0,0.0,0.0,22.0,9436.0,1026.0,10324.0,10074.0,250.0,11.4,399.0,869191.0,78.80,3.01,16976.6,167.5,-4414.0,-59.65,0,421.25
133.0,321.0,68.0,22849,1058.0,219.0,128.0,144.0,43400.88,2943.4,2708.45,5220.0,41.8,96.74,96.74,0.0,27.87,27.87,0.0,1363.0,1291.0,0.0,0.0,0.0,0.0,0.0,0.0,0.0,0.0,16709.0,109.4,0.0,0.0,0.0,3574.91,80.71,3494.2,,30.24,1.37,1210.0,1702.0,3502.0,496.0,39.0,12.0,26.0,42.0,0.0,114.0,84196.0,-30797.0,198284.0,174387.0,23897.0,9.64,3042.9,5384342.0,120.75,102.4,19889.4,111.4,4672997.0,63148.61,1,1025.95
324.0,830.0,129.0,24523,1631.0,281.0,132.0,115.0,42409.85,3950.2,2464.38,6534.0,28.7,79.03,79.69,53.39,34.88,41.69,4.78,1625.0,917.0,4034.1,336855.5,48408.3,1547.7,0.0,0.0,2412.7,2412.7,41183.0,118.7,32.0,18.0,92.0,44143.14,2679.52,14270.72,27192.9,28.88,1.44,1159.0,42044.0,98293.0,1632.0,72.0,6.0,325.0,118.0,4.0,90.0,125671.0,-52150.0,353038.0,239997.0,113041.0,9.22,3998.9,7708499.0,575.39,144.91,20276.5,117.5,1131842.0,15295.16,1,856.94
20.0,44.0,18.0,1265,19.0,3.0,4.0,2.0,34808.05,119.0,2674.12,117.0,32.2,27.63,54.71,14.51,22.4,25.09,21.3,1617.0,627.0,2359.5,11789.8,0.0,457.9,0.0,0.0,1361.2,309.4,662.0,87.7,120.0,34.0,335.0,6417.19,704.02,2773.38,2939.8,28.41,2.04,1104.0,1894.0,4395.0,280.0,20.0,1.0,58.0,10.0,10.0,26.0,2865.0,18.0,12186.0,11632.0,554.0,12.47,85.6,220954.0,558.57,1.39,18805.6,92.7,6594.0,89.11,0,522.99
52.0,139.0,27.0,5638,298.0,42.0,68.0,26.0,39392.68,614.6,1808.19,798.0,12.5,61.16,76.08,32.54,32.17,27.86,45.74,1229.0,592.0,1921.4,246664.7,32166.9,933.0,0.0,0.0,4062.8,2802.2,4047.0,96.0,99.0,179.0,428.0,16094.09,956.77,4377.72,10759.6,28.78,1.4,1154.0,4968.0,10488.0,405.0,17.0,7.0,39.0,30.0,11.0,5.0,19488.0,-10854.0,58255.0,35603.0,22652.0,8.34,522.0,1000980.0,294.96,15.07,18236.6,98.6,73594.0,994.51,1,646.67
44.0,86.0,9.0,2536,214.0,24.0,36.0,6.0,35568.12,412.8,2691.02,336.0,21.2,67.82,83.85,35.73,28.83,28.28,29.99,1187.0,631.0,1033.2,61244.3,5686.5,766.4,422.5,509.8,3650.7,1374.8,2333.0,83.3,392.0,534.0,278.0,8678.24,396.44,2861.0,5420.8,29.09,1.55,1144.0,1447.0,2636.0,308.0,26.0,8.0,28.0,17.0,75.0,6.0,11249.0,-4834.0,20969.0,20009.0,960.0,9.29,312.6,675332.0,115.76,5.0,16404.8,86.3,12821.0,173.26,0,475.7
56.0,34.0,15.0,3589,456.0,13.0,34.0,4.0,35120.93,1127.6,2423.76,1479.0,36.6,64.78,74.34,56.03,20.64,19.43,21.89,552.0,380.0,1657.6,116296.4,15788.0,854.3,4.7,0.0,47.2,47.2,4749.0,99.5,61.0,145.0,106.0,15868.59,267.75,6184.44,9416.4,28.77,1.57,1171.0,3598.0,7581.0,136.0,8.0,0.0,26.0,7.0,0.0,16.0,35742.0,-17570.0,53891.0,41548.0,12343.0,9.33,874.6,1901578.0,145.05,34.65,17567.2,114.1,25841.0,349.2,0,513.42
97.0,236.0,56.0,15943,1000.0,105.0,171.0,48.0,37364.82,1450.0,2690.94,1713.0,44.3,74.2,84.2,37.69,25.86,26.15,24.87,1227.0,627.0,5888.3,93192.1,20671.4,1799.5,250.2,990.0,1505.0,1505.0,8004.0,62.6,57.0,330.0,227.0,38375.26,1204.05,9661.61,27509.6,28.48,1.27,1155.0,3402.0,7150.0,909.0,62.0,5.0,113.0,68.0,141.0,14.0,46629.0,-27074.0,57650.0,55340.0,2310.0,7.67,1187.1,2474556.0,207.52,20.46,16425.8,101.2,57300.0,774.32,0,514.49
212.0,469.0,68.0,19823,704.0,114.0,174.0,18.0,38384.22,2309.8,2508.51,2979.0,16.9,70.63,89.9,45.95,28.58,25.52,33.77,1557.0,593.0,8609.6,132641.5,7019.7,4254.5,70.0,129.0,14860.8,6950.4,21263.0,81.3,71.0,256.0,415.0,49809.44,802.65,13545.29,35461.5,29.16,1.49,1103.0,16725.0,39715.0,1337.0,64.0,16.0,320.0,77.0,130.0,42.0,66366.0,-27033.0,147699.0,133133.0,14566.0,9.73,1829.6,4013786.0,174.72,26.32,16951.2,110.9,365749.0,4942.55,0,562.8
5.0,19.0,1.0,190,11.0,0.0,2.0,0.0,66456.57,87.6,2071.61,168.0,25.6,70.1,84.84,28.29,23.96,24.62,22.27,2559.0,1032.0,1638.6,0.0,0.0,0.0,0.0,0.0,0.0,0.0,1547.0,120.6,10.0,111.0,0.0,2243.9,23.5,1908.3,312.1,27.86,1.71,971.0,13.0,18.0,12.0,0.0,1.0,2.0,0.0,0.0,0.0,540.0,-19.0,5336.0,4785.0,551.0,11.64,30.5,49527.0,37.23,10.18,30242.1,110.3,60183.0,813.28,0,1763.28
118.0,172.0,15.0,6391,329.0,30.0,32.0,11.0,40497.35,782.2,2637.96,2037.0,34.4,70.9,86.11,28.93,30.03,27.07,42.97,1315.0,806.0,2679.7,282273.0,21704.3,2767.0,171.0,197.2,6099.7,3396.8,7411.0,92.1,53.0,1902.0,268.0,18516.5,428.62,6177.38,11910.5,29.16,1.34,1224.0,3810.0,10476.0,364.0,21.0,0.0,44.0,14.0,57.0,12.0,25084.0,-14846.0,30134.0,29343.0,791.0,8.09,620.6,1241424.0,308.59,16.51,17561.2,122.7,59247.0,800.64,0,559.31
114.0,365.0,45.0,3369,264.0,34.0,4.0,4.0,37158.47,164.4,2258.54,159.0,10.7,34.7,55.78,3.22,14.57,15.89,12.95,1345.0,421.0,598.1,4241.7,0.0,0.0,6.5,6.5,7933.5,1453.5,1486.0,111.9,37.0,20.0,199.0,8965.15,416.86,2524.59,6023.7,28.51,2.93,1087.0,1448.0,3683.0,60.0,9.0,3.0,5.0,0.0,3.0,6.0,3028.0,3601.0,10746.0,12104.0,-1358.0,19.8,108.0,330368.0,60.17,,16412.4,92.2,6753.0,91.26,0,622.86
57.0,93.0,60.0,5102,169.0,20.0,48.0,3.0,36398.93,757.2,1709.85,789.0,36.8,74.27,90.75,46.32,32.31,29.55,38.39,769.0,460.0,1128.5,53158.7,10712.1,0.0,14.0,23.4,301.1,284.7,3777.0,87.6,460.0,157.0,304.0,17538.56,449.5,6566.66,10522.4,28.42,1.32,1198.0,2780.0,4903.0,1376.0,79.0,38.0,54.0,47.0,886.0,9.0,23344.0,-14538.0,31727.0,30029.0,1698.0,7.83,544.1,1096488.0,178.44,11.93,16269.2,103.5,232609.0,3143.36,0,543.33
230.0,647.0,104.0,15797,728.0,122.0,62.0,18.0,40847.5,1456.2,2466.54,3099.0,34.6,63.13,75.91,10.05,26.04,26.92,22.92,1405.0,650.0,38670.0,202346.2,10154.0,4648.9,0.0,0.0,98288.1,16011.2,23896.0,82.3,43.0,423.0,191.0,31595.39,1681.6,11974.19,17939.6,28.39,1.69,1163.0,8413.0,19264.0,312.0,35.0,2.0,14.0,23.0,10.0,35.0,41737.0,-15651.0,49305.0,51483.0,-2178.0,10.99,1080.9,2375021.0,160.53,,17114.0,104.5,402749.0,5442.55,0,734.03
78.0,223.0,49.0,10782,434.0,47.0,81.0,10.0,36289.97,1424.8,2682.28,1350.0,8.4,53.6,66.31,16.87,31.44,30.8,33.47,695.0,598.0,5578.7,138151.8,17787.9,1312.5,170.0,300.6,1030.2,685.2,6532.0,93.4,48.0,383.0,312.0,27391.19,2096.3,6205.39,19089.5,28.39,1.25,1179.0,4516.0,9089.0,941.0,33.0,1.0,110.0,30.0,348.0,15.0,49050.0,-30672.0,50439.0,54612.0,-4173.0,7.58,1116.5,2395111.0,340.48,26.99,15795.1,99.5,62573.0,845.58,0,501.2
53.0,184.0,36.0,4 379,285.0,22.0,98.0,7.0,50056.6,567.4,2457.96,1029.0,10.9,61.21,80.8,6.82,29.4,27.55,36.16,2441.0,943.0,13506.3,10170.9,0.0,886.4,6060.7,6087.7,52986.2,4106.8,8523.0,70.7,31.0,152.0,67.0,7896.87,350.17,4740.3,2806.4,29.1,1.52,1119.0,1219.0,2690.0,149.0,44.0,0.0,14.0,18.0,5.0,4.0,13059.0,-5810.0,27167.0,31414.0,-4247.0,8.79,380.3,813590.0,158.84,8.04,19746.0,109.3,135881.0,1836.23,0,807.04
196.0,637.0,96.0,20265,897.0,89.0,138.0,10.0,39722.2,1638.8,2541.15,5562.0,25.8,50.6,57.55,12.34,26.35,25.9,29.1,1779.0,552.0,5384.8,97048.1,6123.8,0.0,0.0,226.0,11815.8,2758.6,18044.0,76.4,28.0,451.0,115.0,20984.49,465.99,5537.7,14980.8,28.14,1.35,1176.0,5894.0,11289.0,424.0,27.0,15.0,64.0,57.0,15.0,25.0,47604.0,-25902.0,59504.0,62691.0,-3187.0,8.3,1196.1,2633446.0,466.79,36.14,16170.6,109.5,685157.0,9258.88,0,654.2
30.0,111.0,11.0,3973,233.0,17.0,62.0,5.0,53167.0,467.4,2674.12,819.0,22.4,90.83,91.8,77.52,26.27,26.6,22.46,2453.0,1390.0,1093.4,5843.8,0.0,0.0,0.0,0.0,1570.7,363.6,12541.0,71.0,2.0,5.0,23.0,3662.43,573.76,2012.57,1076.1,29.1,1.36,1077.0,454.0,944.0,254.0,7.0,0.0,19.0,38.0,0.0,5.0,11548.0,-5515.0,28239.0,31104.0,-2865.0,8.14,388.9,732864.0,197.23,21.44,20996.9,122.0,411756.0,5564.27,0,1020.21
78.0,278.0,49.0,8046,292.0,38.0,126.0,7.0,36574.75,1193.0,2557.14,3336.0,13.6,73.46,87.33,52.37,28.46,28.1,29.02,1052.0,471.0,4051.0,98874.5,14735.6,1978.3,143.8,641.6,853.0,817.0,10340.0,116.6,70.0,517.0,327.0,25359.96,1306.46,11697.0,12356.5,28.46,1.56,1145.0,5639.0,10262.0,484.0,20.0,18.0,99.0,12.0,102.0,11.0,36556.0,-18429.0,50227.0,50267.0,-40.0,9.27,900.7,1942915.0,188.36,12.94,15755.3,96.7,212904.0,2877.08,0,515.48
26.0,95.0,10.0,3918,182.0,17.0,45.0,19.0,35477.55,670.0,2502.3,723.0,19.5,72.89,79.67,63.43,33.31,31.43,36.34,1401.0,628.0,1734.0,42997.6,10291.8,3945.2,543.5,601.7,1007.2,1007.2,4220.0,119.2,445.0,120.0,192.0,19361.07,636.64,1966.43,16758.0,28.45,1.27,1172.0,3244.0,4981.0,441.0,0.0,2.0,44.0,34.0,177.0,5.0,20724.0,-13506.0,25131.0,25140.0,-9.0,7.15,482.1,994420.0,129.25,6.73,16284.7,114.3,97206.0,1313.59,0,455.26
43.0,103.0,19.0,1687,48.0,8.0,37.0,2.0,57689.12,285.8,2233.11,675.0,22.9,90.11,95.66,55.39,20.53,20.62,19.99,2781.0,1226.0,507.8,0.0,0.0,0.0,0.0,0.0,1760.5,1234.5,71213.0,440.9,9.0,1.0,4.0,2986.22,0.0,1474.92,1511.3,28.9,1.86,1022.0,601.0,1127.0,254.0,21.0,3.0,20.0,29.0,4.0,14.0,3474.0,3476.0,29248.0,27594.0,1654.0,12.61,310.4,547010.0,202.30,14.91,21091.4,108.7,1474756.0,19929.14,1,1567.39
92.0,190.0,33.0,14067,497.0,75.0,100.0,8.0,36846.05,1445.2,2563.64,972.0,24.7,77.25,90.72,52.36,32.7,31.15,36.01,1408.0,557.0,3788.7,147031.0,17868.0,1915.8,307.1,618.9,1701.8,1701.8,6612.0,87.3,165.0,328.0,443.0,30673.54,1024.86,8882.58,20766.1,28.65,1.25,1180.0,7735.0,16206.0,948.0,24.0,11.0,129.0,46.0,348.0,18.0,46495.0,-27902.0,65639.0,55577.0,10062.0,7.85,1137.7,2305608.0,210.42,22.88,17336.9,115.2,107173.0,1448.28,0,550.41
263.0,549.0,131.0,61548,1784.0,359.0,379.0,274.0,42687.8,6042.6,2349.46,7416.0,1.3,89.67,89.67,0.0,22.34,22.34,0.0,2443.0,952.0,0.0,0.0,0.0,0.0,0.0,0.0,0.0,0.0,57943.0,90.1,0.0,0.0,1.0,6819.31,48.22,6771.09,,29.71,1.59,1164.0,4759.0,10472.0,668.0,20.0,11.0,71.0,36.0,0.0,92.0,172835.0,-41390.0,223899.0,201031.0,22868.0,10.17,7157.4,12655050.0,382.19,305.59,26094.5,133.8,6925017.0,93581.31,1,1505.33
11.0,10.0,4.0,245,6.0,7.0,3.0,2.0,33242.05,230.6,2837.83,234.0,26.2,87.78,96.48,74.42,15.67,17.02,13.97,1472.0,492.0,0.0,0.0,0.0,0.0,0.0,0.0,0.0,0.0,581.0,116.5,8.0,46.0,214.0,4615.78,42.54,970.34,3602.9,29.29,1.86,1191.0,546.0,767.0,41.0,6.0,0.0,8.0,1.0,2.0,6.0,2194.0,6286.0,7889.0,5716.0,2173.0,15.7,184.0,515564.0,70.44,0.32,15364.8,127.8,-4598.0,-62.14,0,422.03
36.0,88.0,19.0,4619,309.0,21.0,34.0,4.0,37868.55,743.4,2233.67,2343.0,55.7,78.69,82.1,73.68,35.06,32.31,40.06,1187.0,488.0,1325.0,78318.6,604.0,0.0,152.1,243.9,400.9,400.9,16079.0,259.6,267.0,667.0,265.0,16500.39,470.79,5377.0,10652.6,28.59,1.36,1187.0,6297.0,12365.0,363.0,20.0,1.0,59.0,45.0,63.0,19.0,23637.0,-14644.0,30459.0,30201.0,258.0,7.85,572.7,1128192.0,467.32,8.05,16118.5,109.1,397596.0,5372.92,0,543.04
133.0,447.0,55.0,14561,428.0,50.0,134.0,3.0,36360.85,1454.4,2378.87,1200.0,45.6,50.52,73.85,22.74,25.95,24.56,27.82,1612.0,805.0,11984.4,109638.5,11834.2,7020.0,63.3,63.3,8134.1,4155.6,3107.0,100.3,87.0,440.0,524.0,53400.92,1032.89,15781.13,36586.9,28.49,1.39,1167.0,3735.0,8263.0,506.0,43.0,18.0,36.0,28.0,181.0,20.0,43690.0,-24698.0,66800.0,70313.0,-3513.0,8.18,1051.1,4649966.0,229.14,3.53,17340.8,102.5,108868.0,1471.19,0,442.28
27.0,56.0,13.0,2744,124.0,19.0,21.0,4.0,37743.97,403.8,2687.59,1314.0,46.1,51.07,65.39,18.52,29.85,28.25,34.27,1728.0,374.0,3689.5,177765.2,13741.5,2148.2,3304.5,4405.5,22351.0,4346.4,3254.0,169.4,20.0,1291.0,183.0,13854.0,431.84,3677.86,9744.3,29.25,1.37,1174.0,1426.0,3468.0,153.0,20.0,1.0,12.0,14.0,46.0,3.0,12614.0,-7694.0,18768.0,18740.0,28.0,7.66,294.9,628423.0,243.93,7.3,16985.5,99.5,19934.0,269.38,0,472.82
34.0,234.0,57.0,3245,551.0,45.0,23.0,4.0,38288.02,227.2,2463.98,756.0,92.3,60.96,60.96,0.0,23.25,23.25,0.0,1258.0,112.0,0.0,0.0,0.0,0.0,0.0,0.0,0.0,0.0,1205.0,98.5,1.0,7.0,6.0,1122.54,0.0,1122.54,,29.32,1.21,1111.0,3555.0,8644.0,107.0,14.0,0.0,12.0,5.0,0.0,0.0,7624.0,-3390.0,32710.0,17320.0,15390.0,7.85,221.9,509992.0,"0,0",9.11,18201.5,239.5,1919.0,25.93,0,528.74
45.0,143.0,67.0,9854,432.0,36.0,76.0,34.0,36956.0,542.0,2473.03,1206.0,31.1,42.86,58.85,5.85,22.17,22.54,21.35,1490.0,732.0,13740.7,74277.9,2490.2,2130.4,6426.0,10414.0,25516.4,3766.7,5207.0,109.3,47.0,53.0,311.0,22688.08,1726.51,7613.37,13348.2,27.97,1.73,1087.0,1507.0,2888.0,209.0,5.0,3.0,13.0,1.0,2.0,41.0,16492.0,-4509.0,24225.0,29715.0,-5490.0,11.22,474.4,1053485.0,245.76,8.67,17994.9,117.7,88227.0,1192.26,0,678.28
190.0,653.0,96.0,14654,441.0,87.0,319.0,40.0,40993.95,809.2,2286.86,14694.0,24.1,67.86,80.19,37.71,30.25,31.54,27.49,1315.0,1001.0,8629.4,137907.4,25085.9,4298.9,0.0,0.0,6002.1,2350.6,6254.0,70.2,75.0,1012.0,360.0,19304.85,1128.05,8691.4,9485.4,28.73,1.77,1106.0,7279.0,16221.0,730.0,31.0,8.0,57.0,33.0,221.0,33.0,21499.0,-2971.0,53685.0,41916.0,11769.0,11.8,1901.4,1543389.0,510.77,13.49,22440.5,106.5,539130.0,7285.54,1,753.65
162.0,445.0,49.0,14395,436.0,71.0,115.0,11.0,39797.5,1539.8,2544.15,12531.0,31.8,68.43,83.54,21.96,26.16,26.01,26.62,1316.0,704.0,8199.4,129048.3,21695.7,1772.9,309.6,358.0,39775.7,4843.9,19725.0,110.0,26.0,526.0,212.0,32458.69,542.48,3510.61,28405.6,28.99,1.54,1177.0,6464.0,13501.0,716.0,55.0,4.0,140.0,35.0,109.0,53.0,44269.0,-19143.0,69223.0,72558.0,-3335.0,9.64,1187.0,2579261.0,402.39,23.59,17434.1,107.3,412299.0,5571.61,0,610.51
31.0,65.0,10.0,2268,107.0,11.0,48.0,4.0,36143.2,490.2,2387.43,1272.0,17.1,67.87,80.92,48.19,29.8,27.81,33.41,1390.0,569.0,962.6,28237.0,3207.0,361.6,38.5,41.5,2519.4,606.6,1680.0,66.2,325.0,1881.0,603.0,13663.14,408.82,5154.52,8099.8,29.1,1.11,1124.0,1586.0,3364.0,349.0,7.0,2.0,29.0,10.0,156.0,12.0,14629.0,-9376.0,20204.0,19313.0,891.0,6.58,404.4,778965.0,325.82,5.32,15618.3,115.0,34190.0,462.03,0,465.42
27.0,44.0,8.0,1114,59.0,12.0,14.0,3.0,38669.05,87.6,2383.5,21.0,40.5,49.48,68.67,3.74,24.6,25.45,22.81,1552.0,945.0,2807.7,0.0,0.0,1838.3,253.0,318.0,2146.1,759.2,614.0,77.1,7.0,81.0,60.0,2852.94,353.92,479.62,2019.4,27.97,1.65,1104.0,363.0,879.0,51.0,0.0,0.0,5.0,1.0,0.0,1.0,2790.0,-1239.0,3536.0,4946.0,-1410.0,9.79,72.7,156500.0,258.95,8.09,20762.2,85.0,10249.0,138.5,0,676.2
61.0,136.0,20.0,6001,328.0,36.0,31.0,8.0,39155.12,1023.8,1179.94,3135.0,35.1,73.01,81.54,52.27,30.99,29.43,35.59,1542.0,756.0,1933.9,700237.5,12894.9,958.9,78.6,92.4,127.8,55.0,5761.0,109.2,101.0,365.0,134.0,14749.0,722.85,4334.86,9691.3,28.55,1.21,1203.0,4090.0,8630.0,484.0,20.0,2.0,47.0,89.0,38.0,19.0,30658.0,-20520.0,40422.0,36471.0,3951.0,6.99,764.1,1449115.0,285.49,17.19,18120.5,112.5,148879.0,2011.88,0,593.14
31.0,89.0,8.0,2765,112.0,21.0,25.0,2.0,37657.88,398.8,2732.81,1416.0,19.9,44.26,61.68,16.83,34.78,29.9,46.81,1426.0,673.0,3380.2,77224.7,7244.3,769.4,23.3,43.4,3677.1,2864.7,1973.0,151.0,431.0,138.0,326.0,24059.01,914.11,7896.4,15248.5,28.68,1.48,1154.0,2250.0,5232.0,260.0,17.0,1.0,55.0,11.0,12.0,4.0,13451.0,-8417.0,25843.0,24404.0,1439.0,8.23,300.1,620249.0,399.13,7.12,16967.7,114.2,19430.0,262.57,0,469.28
14.0,33.0,6.0,1606,36.0,8.0,25.0,6.0,34557.62,392.2,2799.49,96.0,58.0,97.21,99.36,91.49,30.22,34.19,23.1,1882.0,631.0,335.2,25440.0,5559.4,0.0,0.0,56.5,146.0,61.0,2699.0,201.1,35.0,89.0,254.0,6587.7,270.14,1032.16,5285.4,29.36,1.69,1158.0,2121.0,4393.0,331.0,0.0,21.0,41.0,0.0,24.0,22.0,9784.0,-1693.0,7014.0,10222.0,-3208.0,11.15,270.9,693098.0,77.13,2.26,16056.1,127.5,-2260.0,-30.54,0,440.57
73.0,102.0,116.0,4407,158.0,40.0,60.0,15.0,36926.35,561.4,2491.65,519.0,14.3,44.8,64.86,12.85,27.39,26.91,28.19,1472.0,618.0,4995.9,240170.4,32092.6,2471.9,533.0,796.0,4182.6,1782.7,2068.0,91.9,56.0,111.0,231.0,16719.88,815.01,7685.46,8219.4,28.74,1.64,1169.0,1959.0,4183.0,242.0,5.0,0.0,32.0,15.0,36.0,8.0,16633.0,-9410.0,26408.0,30090.0,-3682.0,8.83,336.8,818570.0,177.47,7.93,16881.7,97.6,11822.0,159.76,0,477.79
44.0,57.0,7.0,4318,205.0,14.0,52.0,14.0,39247.1,385.6,2683.14,1101.0,31.8,45.17,66.43,9.36,34.24,29.91,45.32,1753.0,817.0,3899.5,159873.9,26365.4,10157.0,197.2,231.2,10368.7,3458.3,4509.0,214.6,208.0,141.0,110.0,15302.43,1047.1,7301.93,6953.4,29.01,1.36,1210.0,2015.0,4610.0,192.0,3.0,1.0,39.0,28.0,28.0,11.0,13135.0,-8561.0,23747.0,21486.0,2261.0,7.76,286.3,592415.0,139.72,5.51,16731.8,105.2,131889.0,1782.28,0,533.42
64.0,263.0,75.0,10342,417.0,70.0,142.0,10.0,39191.1,896.4,2658.62,1278.0,36.7,57.24,75.6,25.68,24.25,23.13,26.45,1897.0,808.0,2717.2,80962.6,10452.2,2029.0,120.2,192.8,10258.4,5505.2,4549.0,94.3,89.0,728.0,586.0,17364.69,310.79,5843.4,11210.5,29.12,1.53,1171.0,4274.0,9709.0,487.0,22.0,76.0,61.0,73.0,58.0,10.0,23275.0,-9002.0,38819.0,38761.0,58.0,9.49,725.9,1493356.0,211.23,14.72,16482.1,118.5,99658.0,1346.73,0,521.13
140.0,234.0,42.0,12421,509.0,71.0,64.0,57.0,40848.95,967.6,2492.44,5136.0,21.2,64.82,76.43,42.28,31.29,30.75,32.39,1229.0,900.0,6598.6,316609.1,41091.3,4924.4,56.5,180.1,15343.6,8947.5,12560.0,64.9,142.0,1700.0,349.0,23166.31,1939.37,9202.74,12024.2,29.04,1.03,1138.0,17403.0,43858.0,977.0,38.0,1.0,44.0,139.0,36.0,33.0,32202.0,-19123.0,108021.0,70049.0,37972.0,6.93,961.2,1892711.0,315.60,20.02,18627.6,94.4,337074.0,4555.05,1,709.64
82.0,236.0,62.0,11641,398.0,64.0,140.0,31.0,35454.18,1440.6,2725.11,786.0,35.2,86.63,92.03,76.87,26.0,28.2,22.8,1917.0,1163.0,4398.1,40118.5,2039.4,2455.4,3.0,59.0,63.2,55.2,5775.0,83.5,145.0,277.0,179.0,20428.57,827.86,4317.01,15283.7,27.95,1.42,1141.0,7463.0,17216.0,1053.0,40.0,9.0,300.0,35.0,94.0,24.0,42282.0,-15632.0,74516.0,71544.0,2972.0,9.34,1302.7,2792796.0,195.38,20.9,18448.1,115.5,137666.0,1860.35,0,501.22
11.0,29.0,4.0,634,24.0,5.0,4.0,2.0,59206.72,84.0,2192.3,168.0,47.1,57.58,59.12,35.24,29.69,28.88,49.79,2586.0,1961.0,24096.6,36847.6,615.6,1089.3,0.0,0.0,751.2,453.3,4720.0,165.5,3.0,208.0,45.0,2713.32,834.0,1167.22,712.1,28.73,1.38,1067.0,51.0,87.0,29.0,0.0,2.0,3.0,0.0,0.0,2.0,2076.0,-881.0,6735.0,7125.0,-390.0,8.23,82.7,139034.0,105.69,20.55,25705.9,120.8,78087.0,1055.23,1,1465.68
103.0,270.0,76.0,3384,218.0,30.0,47.0,22.0,52306.85,547.0,2125.82,540.0,8.7,45.92,67.55,2.18,23.92,23.9,23.95,2889.0,1492.0,123433.4,184013.6,2474.1,3178.3,2566.4,2576.4,78846.1,1090.3,19456.0,97.1,23.0,137.0,166.0,31142.86,3320.52,13497.94,14324.4,28.89,1.75,1055.0,4015.0,7416.0,306.0,14.0,2.0,9.0,10.0,11.0,32.0,10600.0,1709.0,56166.0,47659.0,8507.0,12.49,466.2,981971.0,139.12,8.84,22714.3,91.1,363973.0,4918.55,0,1115.61
87.0,125.0,11.0,3858,203.0,39.0,45.0,4.0,36559.18,806.0,2555.1,528.0,32.6,68.15,80.75,36.51,31.39,29.4,37.86,1017.0,736.0,2543.2,49785.8,19434.9,1232.8,72.3,72.3,1891.7,1779.9,4035.0,93.6,39.0,155.0,186.0,13297.8,550.46,4627.34,8120.0,28.69,1.4,1174.0,3906.0,9551.0,413.0,12.0,12.0,56.0,60.0,43.0,0.0,23768.0,-13754.0,24279.0,24904.0,-625.0,8.15,583.2,1218319.0,,10.7,16946.2,93.3,22192.0,299.89,0,486.36
218.0,514.0,85.0,28899,888.0,140.0,211.0,66.0,36743.78,3243.8,2633.73,1587.0,17.7,64.45,71.26,53.87,28.91,31.46,25.67,1784.0,600.0,4520.1,500590.7,50956.6,8657.2,0.0,0.0,627.6,68.5,30245.0,202.3,72.0,271.0,274.0,43092.19,1578.0,8925.4,32588.8,28.68,1.62,1158.0,28892.0,52072.0,2933.0,134.0,24.0,570.0,85.0,276.0,75.0,97138.0,-37969.0,176448.0,135805.0,40643.0,10.24,2677.5,5683947.0,230.68,60.93,18803.3,109.0,585626.0,7913.86,0,553.44
110.0,211.0,28.0,7071,342.0,42.0,71.0,13.0,40106.15,438.8,2612.74,468.0,24.5,56.78,71.29,23.52,26.49,27.11,25.19,2338.0,1143.0,21497.3,69759.8,6223.8,8945.4,255.0,467.0,22111.1,4201.0,5568.0,108.0,49.0,248.0,175.0,16445.46,1490.09,5739.97,9215.4,28.35,1.51,1112.0,1135.0,1713.0,463.0,14.0,6.0,6.0,26.0,5.0,0.0,14298.0,-6955.0,22027.0,24371.0,-2344.0,9.31,381.2,781846.0,141.46,33.47,19251.3,126.0,66400.0,897.3,0,799.83
257.0,661.0,192.0,20417,835.0,186.0,75.0,16.0,41208.77,2620.0,2484.5,4374.0,51.5,71.92,82.11,26.4,28.13,26.98,34.77,1550.0,863.0,10186.2,334037.3,50703.2,8131.1,996.5,1346.8,30467.4,6501.2,31942.0,107.8,46.0,352.0,188.0,32120.73,652.35,10907.59,20560.8,28.99,1.59,1176.0,10877.0,24729.0,1466.0,110.0,22.0,361.0,106.0,66.0,23.0,76873.0,-33869.0,102670.0,94624.0,8046.0,9.84,2034.6,4290067.0,150.91,43.91,17515.2,99.7,607179.0,8205.12,1,653.34
177.0,557.0,63.0,25448,1879.0,159.0,284.0,45.0,39332.4,2050.2,2498.08,6042.0,25.7,71.95,82.58,28.26,28.21,27.45,31.81,1403.0,916.0,6718.5,114635.0,13197.5,2463.8,3999.9,5852.1,3518.5,2588.5,27554.0,113.3,101.0,472.0,120.0,27093.02,615.52,8724.0,17753.5,28.58,1.53,1183.0,7977.0,18939.0,679.0,61.0,8.0,93.0,101.0,71.0,11.0,60550.0,-27178.0,89950.0,86990.0,2960.0,9.62,1762.2,3442810.0,412.95,35.48,16327.4,98.2,440241.0,5949.2,0,587.52
53.0,196.0,19.0,5382,271.0,27.0,59.0,3.0,43149.2,584.8,2407.39,969.0,49.9,61.37,77.14,25.63,26.14,25.11,28.81,1543.0,957.0,13994.8,54904.5,3381.5,2457.3,288.8,462.1,41223.6,1892.5,8422.0,125.5,107.0,115.0,137.0,11221.7,34.77,4117.43,7069.5,29.02,1.24,1132.0,2789.0,5989.0,154.0,14.0,0.0,14.0,13.0,6.0,7.0,16507.0,-7063.0,34925.0,29843.0,5082.0,8.72,509.3,1070339.0,366.17,26.29,17721.0,109.5,65752.0,888.54,0,682.18
63.0,95.0,39.0,1553,51.0,31.0,53.0,24.0,29918.62,1347.4,2824.0,378.0,34.1,47.3,80.8,19.05,21.44,21.65,21.28,1563.0,362.0,0.0,0.0,0.0,0.0,0.0,438.0,469.0,134.0,572.0,65.5,49.0,78.0,299.0,30250.43,643.53,7589.7,22017.2,27.24,1.76,1068.0,3213.0,7221.0,278.0,17.0,1.0,67.0,0.0,12.0,34.0,19766.0,24564.0,40176.0,43675.0,-3499.0,13.79,1162.9,3133303.0,32.50,4.46,17041.1,80.8,-5302.0,-71.65,0,434.86
15.0,39.0,10.0,1290,41.0,11.0,13.0,0.0,34677.1,244.2,2673.29,501.0,50.9,77.12,87.85,65.28,27.59,30.77,24.76,1126.0,433.0,487.0,32272.2,1771.1,0.0,0.0,0.0,56.9,13.0,718.0,100.0,64.0,228.0,258.0,4832.99,244.59,1319.7,3268.7,28.21,1.51,1135.0,1619.0,4261.0,110.0,0.0,12.0,20.0,1.0,3.0,3.0,7350.0,-2797.0,22910.0,15013.0,7897.0,9.27,185.2,463167.0,223.21,2.6,16651.9,111.6,7401.0,100.01,0,481.53
49.0,100.0,8.0,3956,215.0,30.0,26.0,11.0,36955.62,807.6,1387.14,735.0,19.3,70.23,81.75,46.72,31.74,30.18,35.5,1096.0,536.0,2454.6,92228.1,19048.2,1454.0,1055.0,1149.0,3259.6,2640.6,2691.0,121.8,288.0,209.0,248.0,17403.05,567.22,6127.34,10708.5,28.47,1.27,1185.0,2095.0,4694.0,544.0,7.0,3.0,54.0,15.0,300.0,9.0,23810.0,-14763.0,31287.0,30382.0,905.0,7.49,568.8,1182682.0,375.21,10.66,17089.5,109.8,39460.0,533.24,0,480.78
156.0,315.0,75.0,14412,718.0,83.0,169.0,21.0,39198.25,2007.8,2615.64,3594.0,37.7,70.93,82.36,39.8,29.01,26.57,38.7,1533.0,820.0,5776.7,197574.5,26565.5,5356.1,37.6,58.0,13872.2,4126.7,15521.0,82.8,38.0,404.0,201.0,33181.47,577.02,12933.85,19670.6,28.99,1.31,1199.0,8912.0,20821.0,688.0,37.0,1.0,118.0,85.0,120.0,15.0,62936.0,-36816.0,67348.0,62906.0,4442.0,8.04,1665.1,3176552.0,557.04,45.68,17678.7,114.1,301752.0,4077.73,0,556.24
6.0,9.0,2.0,192,1.0,0.0,1.0,1.0,60107.17,787.8,2453.89,45.0,0.5,57.14,77.89,3.93,25.65,24.72,28.4,3484.0,972.0,0.0,0.0,0.0,0.0,0.0,0.0,0.0,0.0,556.0,93.9,34.0,1.0,88.0,404.46,0.0,290.26,114.2,28.77,1.98,1054.0,87.0,178.0,19.0,2.0,0.0,3.0,0.0,0.0,1.0,534.0,19.0,2137.0,2001.0,136.0,12.45,21.6,44389.0,518.56,0.8,22427.4,109.5,9532.0,128.81,1,1285.84
56.0,150.0,18.0,5579,362.0,21.0,46.0,6.0,39178.72,874.0,2627.5,2811.0,41.1,58.57,73.62,19.34,31.54,29.16,40.04,1505.0,676.0,1595.6,300616.2,34506.6,2013.4,251.1,256.5,6075.0,3810.8,2862.0,92.0,20.0,459.0,314.0,15446.67,531.77,5055.1,9859.8,28.78,1.27,1200.0,5000.0,11876.0,230.0,11.0,19.0,36.0,39.0,24.0,6.0,28631.0,-18851.0,30695.0,30221.0,474.0,7.24,679.5,1342099.0,203.50,21.25,17909.5,106.8,143225.0,1935.47,0,509.57
34.0,92.0,17.0,5588,217.0,17.0,26.0,7.0,37854.3,548.6,2642.91,1392.0,26.2,86.25,88.8,77.63,31.41,31.15,32.28,1481.0,491.0,773.7,37870.7,2268.6,0.0,12.0,24.5,0.0,0.0,2728.0,109.7,91.0,257.0,208.0,9173.53,256.16,4385.77,4531.6,29.15,1.38,1127.0,4164.0,10040.0,109.0,9.0,1.0,20.0,11.0,7.0,9.0,15970.0,-7066.0,52778.0,36698.0,16080.0,8.75,513.8,1018624.0,453.25,15.76,18804.8,94.5,317860.0,4295.41,0,558.09
159.0,250.0,54.0,8347,351.0,52.0,36.0,12.0,45624.95,726.6,2505.74,2391.0,23.6,74.37,83.26,33.47,25.34,25.32,25.41,1754.0,1010.0,43428.5,152527.8,2023.3,1853.4,170.0,170.0,56518.0,7030.9,9652.0,115.9,7.0,254.0,18.0,10950.05,1164.86,3331.7,6453.5,28.62,1.57,1103.0,1314.0,2709.0,427.0,38.0,2.0,60.0,31.0,27.0,3.0,21904.0,-8631.0,51883.0,45382.0,6501.0,10.19,688.6,2637116.0,131.34,6.7,21674.3,124.8,107547.0,1453.34,0,800.64
132.0,144.0,53.0,3142,347.0,67.0,121.0,17.0,36991.17,513.4,2508.8,3237.0,33.5,41.99,66.37,6.36,22.28,22.37,22.13,1607.0,415.0,14832.3,47044.1,2771.0,2295.5,678.5,678.5,20616.7,1650.4,4181.0,101.3,39.0,96.0,112.0,14869.27,824.75,3617.92,10426.6,28.62,1.89,1095.0,2364.0,6928.0,87.0,1.0,1.0,10.0,3.0,0.0,20.0,13539.0,-1476.0,42032.0,43336.0,-1304.0,12.22,391.5,985431.0,356.34,16.49,17811.5,79.8,40775.0,551.01,0,604.18
135.0,154.0,33.0,6216,447.0,48.0,114.0,10.0,49722.15,815.6,2440.01,2190.0,43.2,52.12,73.85,6.16,30.02,25.88,45.34,1424.0,906.0,2064.7,87790.2,9968.8,157.0,925.2,1047.7,67197.2,4438.9,15313.0,104.1,3.0,56.0,125.0,19770.44,1214.87,6998.56,11557.0,29.42,1.36,1136.0,1895.0,4265.0,310.0,22.0,13.0,32.0,21.0,21.0,14.0,19259.0,-10772.0,34462.0,36539.0,-2077.0,7.85,515.7,1082662.0,102.36,9.8,20201.0,126.9,28204.0,381.14,0,771.3
72.0,234.0,24.0,5516,161.0,34.0,110.0,29.0,58046.47,904.4,2358.32,1788.0,29.8,85.49,88.0,57.83,21.62,21.38,24.66,2312.0,1015.0,16201.3,0.0,0.0,0.0,10329.4,10570.4,13225.9,5474.7,30215.0,78.8,8.0,36.0,17.0,7363.56,433.91,2848.74,4080.9,28.94,1.72,1054.0,4188.0,9302.0,596.0,54.0,4.0,43.0,29.0,6.0,13.0,14440.0,5297.0,74378.0,65046.0,9332.0,11.44,893.1,1687654.0,545.90,23.07,19799.1,110.6,1265422.0,17100.3,1,1151.5
132.0,376.0,81.0,23664,676.0,125.0,159.0,35.0,38877.22,1619.8,2443.47,1707.0,46.8,68.23,80.8,17.76,27.42,27.66,26.51,1106.0,652.0,9738.0,106272.2,9196.7,2772.3,2.0,207.2,6700.5,1301.9,4101.0,107.9,63.0,446.0,295.0,28320.23,804.43,12710.2,14805.6,28.74,1.56,1150.0,5867.0,11766.0,796.0,43.0,18.0,88.0,44.0,125.0,29.0,47178.0,-18879.0,79455.0,66083.0,13372.0,9.99,1349.0,2785836.0,301.91,37.53,17726.7,111.9,175754.0,2375.05,0,627.63
90.0,140.0,16.0,9047,387.0,30.0,77.0,15.0,38654.35,800.4,2552.47,1017.0,40.2,49.87,67.21,15.6,34.59,30.1,49.08,1293.0,650.0,6520.9,892752.4,142147.1,11626.8,1989.0,2720.0,21498.2,11833.4,5190.0,88.6,125.0,99.0,170.0,35823.9,1291.77,15042.54,19489.6,28.86,1.3,1190.0,2312.0,6543.0,46.0,2.0,0.0,4.0,2.0,2.0,10.0,26570.0,-17125.0,37472.0,35814.0,1658.0,7.44,619.9,1245619.0,264.48,15.32,17109.5,100.0,30067.0,406.31,0,536.38
44.0,133.0,28.0,6886,399.0,32.0,141.0,16.0,39190.78,837.2,2568.51,1530.0,27.0,50.77,63.4,17.6,28.49,26.23,36.81,1429.0,743.0,8497.5,173667.1,12998.7,3553.2,224.5,459.6,32394.1,4477.6,4986.0,91.9,46.0,496.0,598.0,24980.24,785.94,2618.2,21576.1,29.45,1.45,1170.0,2542.0,5592.0,547.0,8.0,3.0,68.0,43.0,163.0,0.0,24328.0,-14078.0,42213.0,43572.0,-1359.0,8.22,599.8,1250173.0,272.25,9.05,16782.5,111.6,30075.0,406.42,0,478.24
